Feature,Retained_Mean,Churned_Mean,Difference,Pct_Difference
tenure,37.56996521066873,17.979133226324237,-19.59083198434449,-52.14492979828815
MonthlyCharges,61.26512369540008,74.44133226324237,13.176208567842295,21.50686683234689
TotalCharges,2549.911441824507,1531.7960941680042,-1018.115347656503,-39.92747869424137
